State Well Number,Latitude DD,Longitude DD,County,Date,Depth
2750102.0,32.2413889,-102.8708333,Andrews,1890,50.0
4640601.0,31.456667,-103.028611,Ward,1900,66.0
4637401.0,31.4541667,-103.4802778,Ward,1900,278.0
4526201.0,31.619444,-102.806112,Ward,1900,72.0
4642801.0,31.285556,-103.833055,Reeves,1900,145.0
4615301.0,31.872222,-103.149445,Winkler,1900,155.0
4625301.0,31.604445,-103.883055,Reeves,1900,300.0
4534602.0,31.4416667,-102.7683333,Ward,1902,100.0
4616601.0,31.829444,-103.036389,Winkler,1906,179.0
4501601.0,31.919167,-102.877222,Winkler,1907,96.0
4639605.0,31.445556,-103.136111,Ward,1907,86.0
4637107.0,31.496667,-103.466389,Ward,1908,163.0
4637207.0,31.493334,-103.455001,Ward,1908,80.0
4637102.0,31.499445,-103.467778,Ward,1908,103.0
4642601.0,31.307223,-103.785278,Reeves,1909,37.0
4636505.0,31.4175,-103.571944,Reeves,1909,217.0
4533501.0,31.4383389,-102.9311389,Ward,1910,71.0
4632405.0,31.552778,-103.114445,Ward,1910,96.0
4639206.0,31.461112,-103.178611,Ward,1910,97.0
4636502.0,31.448056,-103.565834,Reeves,1910,170.0
4651902.0,31.140278,-103.643056,Reeves,1910,187.0
4629806.0,31.509723,-103.452223,Ward,1911,78.0
4636807.0,31.411112,-103.553334,Reeves,1912,185.0
4636102.0,31.465556,-103.601112,Reeves,1912,500.0
4656307.0,31.2125,-103.0194444,Pecos,1913,600.0
4645803.0,31.273333,-103.428333,Reeves,1913,180.0
4603401.0,31.9463889,-103.7091667,Loving,1915,160.0
4644802.0,31.265001,-103.558056,Reeves,1918,195.0
4533817.0,31.385,-102.933055,Ward,1922,25.0
4533810.0,31.386111,-102.938056,Ward,1924,29.0
4637307.0,31.464167,-103.412778,Ward,1924,85.0
4629709.0,31.535,-103.485,Ward,1926,59.0
4631306.0,31.597222,-103.133889,Ward,1927,153.0
4615901.0,31.759445,-103.133611,Winkler,1927,185.0
4620101.0,31.713889,-103.609167,Loving,1928,143.0
4637602.0,31.446945,-103.385,Ward,1928,80.0
4616407.0,31.811945,-103.111667,Winkler,1928,105.0
4615801.0,31.767778,-103.177222,Winkler,1928,438.0
4615802.0,31.7675,-103.178333,Winkler,1928,542.0
4637214.0,31.468333,-103.42,Ward,1928,115.0
4616403.0,31.8175,-103.113334,Winkler,1928,110.0
4631706.0,31.502778,-103.225555,Ward,1928,200.0
5306303.0,30.985,-102.260001,Pecos,1928,182.0
4615913.0,31.754167,-103.150834,Winkler,1929,297.0
4624101.0,31.736667,-103.112501,Winkler,1929,290.0
4623307.0,31.7375,-103.142222,Winkler,1929,182.0
4637213.0,31.494722,-103.438889,Ward,1929,58.0
4629503.0,31.570833,-103.451667,Ward,1929,71.0
4631902.0,31.538889,-103.161667,Ward,1930,118.0
4533818.0,31.402501,-102.919167,Ward,1930,106.0
4542104.0,31.364167,-102.867222,Ward,1930,50.0
4637308.0,31.461112,-103.378333,Ward,1930,85.0
4638401.0,31.446111,-103.360278,Ward,1930,13.0
4629805.0,31.523889,-103.420278,Ward,1930,73.0
4620501.0,31.679167,-103.565556,Loving,1930,44.0
4637305.0,31.466944,-103.378611,Ward,1930,80.0
4561601.0,31.053056,-102.375278,Pecos,1930,300.0
4624903.0,31.641667,-103.003334,Ward,1930,180.0
4533809.0,31.415278,-102.946389,Ward,1930,116.0
4632605.0,31.563889,-103.029167,Ward,1930,300.0
4518901.0,31.6402778,-102.7686111,Ward,1930,81.0
4623903.0,31.654167,-103.145556,Winkler,1930,135.0
4607940.0,31.876667,-103.1325,Winkler,1930,175.0
4607938.0,31.879167,-103.148611,Winkler,1930,100.0
4615305.0,31.864723,-103.132778,Winkler,1930,150.0
4615607.0,31.828611,-103.152501,Winkler,1930,180.0
4623304.0,31.747778,-103.155556,Winkler,1930,210.0
4620402.0,31.680278,-103.610001,Loving,1931,80.0
4533808.0,31.411112,-102.938889,Ward,1932,103.0
4533807.0,31.409445,-102.941667,Ward,1932,120.0
4620801.0,31.657778,-103.576944,Loving,1932,98.0
4637103.0,31.474167,-103.471667,Ward,1932,48.0
4533607.0,31.416944,-102.905556,Ward,1932,75.0
4639303.0,31.498056,-103.140556,Ward,1932,86.0
4629402.0,31.559723,-103.468611,Ward,1933,100.0
4629103.0,31.606389,-103.469444,Ward,1933,60.0
4637406.0,31.433889,-103.497778,Reeves,1933,215.0
4616137.0,31.851112,-103.098334,Winkler,1933,200.0
4533803.0,31.412778,-102.930833,Ward,1933,95.0
4616152.0,31.857223,-103.090278,Winkler,1934,237.0
4542107.0,31.3725,-102.867222,Ward,1934,125.0
4533801.0,31.415556,-102.927222,Ward,1934,130.0
4607906.0,31.910556,-103.144722,Winkler,1934,165.0
4533502.0,31.430555,-102.94,Ward,1934,116.0
4607909.0,31.910834,-103.137778,Winkler,1934,245.0
4607935.0,31.902778,-103.142778,Winkler,1934,175.0
4533804.0,31.413612,-102.929444,Ward,1934,130.0
4607934.0,31.910834,-103.140278,Winkler,1934,165.0
4616303.0,31.850278,-103.041667,Winkler,1935,75.0
4616118.0,31.847222,-103.114445,Winkler,1935,150.0
4616304.0,31.850278,-103.041111,Winkler,1935,175.0
4623305.0,31.749445,-103.163889,Winkler,1935,250.0
4616140.0,31.850834,-103.09,Winkler,1935,230.0
4616301.0,31.838611,-103.033889,Winkler,1935,168.0
4616210.0,31.863056,-103.056112,Winkler,1935,175.0
4607401.0,31.9309694,-103.2424944,Winkler,1935,118.0
4607925.0,31.896389,-103.147778,Winkler,1935,201.0
4607917.0,31.900834,-103.128333,Winkler,1935,173.0
4607908.0,31.910556,-103.14,Winkler,1935,168.0
4533510.0,31.436945,-102.924444,Ward,1935,155.0
4616507.0,31.814167,-103.054723,Winkler,1935,153.0
4608812.0,31.875833,-103.066389,Winkler,1935,140.0
4616148.0,31.849722,-103.121667,Winkler,1935,190.0
4607907.0,31.908056,-103.146389,Winkler,1935,200.0
4616602.0,31.814723,-103.018611,Winkler,1935,150.0
4637405.0,31.419444,-103.494722,Reeves,1936,210.0
4533101.0,31.458612,-102.959167,Ward,1936,157.0
4542401.0,31.3225,-102.833889,Ward,1936,14.0
5307302.0,30.98,-102.135278,Pecos,1936,405.0
4620403.0,31.6677778,-103.6030556,Loving,1936,53.0
4533816.0,31.383334,-102.925555,Ward,1936,123.0
4624901.0,31.644445,-103.006112,Ward,1936,300.0
4629502.0,31.572222,-103.430278,Ward,1936,125.0
4616144.0,31.863612,-103.124167,Winkler,1936,175.0
4632303.0,31.616112,-103.031389,Ward,1936,130.0
4636906.0,31.396667,-103.539722,Reeves,1936,319.0
4533103.0,31.459445,-102.964445,Ward,1936,157.0
4616141.0,31.870555,-103.118055,Winkler,1936,178.0
4607801.0,31.912778,-103.183055,Winkler,1936,231.0
4607918.0,31.901112,-103.129167,Winkler,1936,175.0
4607921.0,31.893334,-103.138056,Winkler,1936,180.0
4607928.0,31.893611,-103.142222,Winkler,1936,200.0
4616208.0,31.854167,-103.073889,Winkler,1936,212.0
4607931.0,31.877778,-103.129722,Winkler,1936,175.0
4608505.0,31.933334,-103.062778,Winkler,1936,248.0
4638405.0,31.446945,-103.359445,Ward,1936,38.0
4616106.0,31.870278,-103.117778,Winkler,1936,165.0
4615326.0,31.867222,-103.133055,Winkler,1936,110.0
4616117.0,31.854445,-103.116112,Winkler,1936,100.0
4616115.0,31.860834,-103.114723,Winkler,1936,163.0
4616108.0,31.868333,-103.119167,Winkler,1936,150.0
4616139.0,31.853612,-103.095,Winkler,1936,235.0
4616109.0,31.868333,-103.12,Winkler,1936,150.0
4615916.0,31.784722,-103.151667,Winkler,1937,273.0
4608406.0,31.918889,-103.091667,Winkler,1937,155.0
4533513.0,31.455556,-102.929444,Ward,1937,275.0
4533102.0,31.495,-102.971111,Ward,1937,175.0
4632504.0,31.552223,-103.045,Ward,1937,195.0
4533904.0,31.393056,-102.913334,Ward,1937,112.0
4631605.0,31.581111,-103.141389,Ward,1937,138.0
4525703.0,31.530833,-102.988889,Ward,1937,265.0
4525103.0,31.588611,-102.99,Ward,1937,157.0
4534403.0,31.44,-102.851945,Ward,1937,86.0
4534406.0,31.433334,-102.837778,Ward,1937,85.0
4615911.0,31.754723,-103.163056,Winkler,1937,180.0
4632301.0,31.606389,-103.034722,Ward,1937,140.0
4525704.0,31.530555,-102.989445,Ward,1937,260.0
4624805.0,31.648056,-103.070555,Ward,1937,180.0
4607804.0,31.876389,-103.167778,Winkler,1938,230.0
4640501.0,31.423889,-103.081944,Ward,1938,84.0
4608801.0,31.909723,-103.076667,Winkler,1938,202.0
4616124.0,31.842778,-103.101112,Winkler,1938,200.0
4608901.0,31.878889,-103.039167,Winkler,1938,180.0
4615101.0,31.841667,-103.246389,Winkler,1938,297.0
4542501.0,31.312501,-102.812501,Ward,1938,80.0
4615403.0,31.810278,-103.240834,Winkler,1938,184.0
4664501.0,31.069722,-103.08,Pecos,1938,320.0
4615906.0,31.759167,-103.155556,Winkler,1938,110.0
4623905.0,31.659723,-103.151945,Winkler,1938,400.0
4542513.0,31.312501,-102.812501,Ward,1938,13.0
4632601.0,31.563889,-103.028333,Ward,1938,235.0
4636301.0,31.500001,-103.500556,Reeves,1938,308.0
4624802.0,31.635556,-103.060001,Ward,1938,149.0
4542803.0,31.2730556,-102.8233333,Ward,1938,10.0
4624801.0,31.641667,-103.061667,Ward,1938,216.0
4620102.0,31.727222,-103.606667,Loving,1938,84.0
4639202.0,31.482778,-103.173333,Ward,1938,157.0
4623906.0,31.648056,-103.128333,Ward,1938,125.0
4621701.0,31.634722,-103.478889,Ward,1939,105.0
4608408.0,31.924444,-103.085834,Winkler,1939,180.0
4624301.0,31.730125,-103.0082278,Winkler,1939,101.0
4608409.0,31.925,-103.086389,Winkler,1939,180.0
4638504.0,31.435834,-103.327778,Ward,1939,15.0
4533508.0,31.455001,-102.949722,Ward,1939,277.0
4632903.0,31.538889,-103.036667,Ward,1939,186.0
5307101.0,30.999722,-102.245278,Pecos,1939,76.0
4632201.0,31.617222,-103.058889,Ward,1939,150.0
4662901.0,31.025278,-103.270833,Pecos,1939,180.0
4615330.0,31.839445,-103.130833,Winkler,1939,150.0
4639501.0,31.4175,-103.184167,Ward,1939,150.0
4652302.0,31.228611,-103.541945,Reeves,1939,516.0
4535602.0,31.454445,-102.634445,Crane,1939,148.0
4624902.0,31.643056,-103.021667,Ward,1939,127.0
4603801.0,31.901112,-103.679444,Loving,1939,190.0
4640402.0,31.440834,-103.086389,Ward,1939,131.0
4621802.0,31.625,-103.442222,Ward,1939,97.0
4639604.0,31.445,-103.137222,Ward,1939,95.0
4607501.0,31.916667,-103.195,Winkler,1939,165.0
4623802.0,31.626944,-103.198056,Ward,1939,176.0
4636506.0,31.421111,-103.555001,Reeves,1939,330.0
4623803.0,31.628055,-103.201112,Ward,1939,176.0
4628301.0,31.604723,-103.540834,Reeves,1939,125.0
4632801.0,31.502778,-103.050556,Ward,1939,127.0
4607802.0,31.88,-103.173333,Winkler,1939,212.0
4607805.0,31.889445,-103.190278,Winkler,1939,155.0
4545501.0,31.304723,-102.454723,Crane,1940,60.0
4645401.0,31.300834,-103.476389,Reeves,1940,168.0
4537204.0,31.475278,-102.450001,Crane,1940,230.0
4637229.0,31.4825,-103.427778,Ward,1940,80.0
4652204.0,31.245,-103.572778,Reeves,1940,137.0
4636403.0,31.440834,-103.601389,Reeves,1940,320.0
4632803.0,31.516667,-103.075555,Ward,1940,110.0
4659802.0,31.013612,-103.696389,Reeves,1940,157.0
4529501.0,31.570278,-102.4425,Crane,1940,93.0
5202310.0,30.962223,-103.763889,Reeves,1940,34.0
4542511.0,31.312501,-102.812501,Ward,1940,57.0
4534502.0,31.447222,-102.811667,Ward,1940,86.0
4533901.0,31.383889,-102.912778,Ward,1940,95.0
4629701.0,31.521667,-103.468889,Ward,1940,115.0
5202306.0,30.969722,-103.765001,Reeves,1940,41.0
4534901.0,31.380278,-102.764445,Crane,1940,55.0
4629718.0,31.522222,-103.475555,Ward,1940,50.0
4620401.0,31.688889,-103.588056,Loving,1940,54.0
4638104.0,31.461389,-103.371944,Ward,1940,110.0
4637303.0,31.486667,-103.391111,Ward,1940,65.0
4616711.0,31.780278,-103.113334,Winkler,1940,56.0
4637306.0,31.463612,-103.413612,Ward,1940,11.0
4631705.0,31.511112,-103.247778,Ward,1940,5052.0
4533108.0,31.462778,-102.985,Ward,1941,125.0
4629601.0,31.581944,-103.414445,Ward,1941,100.0
4621801.0,31.644445,-103.419167,Ward,1941,137.0
4632511.0,31.5438889,-103.0636111,Ward,1942,235.0
4509201.0,31.835834,-102.955001,Winkler,1942,140.0
4637203.0,31.486389,-103.434722,Ward,1942,97.0
4632501.0,31.5433333,-103.0658333,Ward,1942,189.0
4615804.0,31.773611,-103.203334,Winkler,1942,210.0
4632806.0,31.5408333,-103.0655556,Ward,1942,225.0
4642607.0,31.331944,-103.764445,Reeves,1942,32.0
4623301.0,31.740834,-103.1375,Winkler,1942,1452.0
4640302.0,31.483611,-103.015556,Ward,1942,175.0
4624822.0,31.663056,-103.083055,Winkler,1942,180.0
4551402.0,31.191389,-102.736389,Pecos,1942,120.0
4558802.0,31.018889,-102.826111,Pecos,1942,260.0
4525902.0,31.5375,-102.901945,Ward,1943,100.0
4632808.0,31.5413889,-103.0622222,Ward,1943,241.0
4632701.0,31.530555,-103.122778,Ward,1943,104.0
4636401.0,31.438611,-103.599445,Reeves,1943,625.0
4651901.0,31.152223,-103.630278,Reeves,1943,587.0
4533902.0,31.382778,-102.911667,Ward,1943,95.0
4534801.0,31.394167,-102.799167,Ward,1944,100.0
4624202.0,31.746389,-103.065278,Winkler,1944,108.0
4551401.0,31.206389,-102.730833,Pecos,1944,98.0
4525901.0,31.538334,-102.902778,Ward,1944,68.0
4517205.0,31.7225,-102.935278,Winkler,1944,95.0
4518101.0,31.74,-102.865001,Winkler,1945,120.0
2758401.0,32.052223,-102.874722,Winkler,1945,88.0
5202103.0,30.988889,-103.855278,Reeves,1945,150.0
2757602.0,32.07,-102.899722,Winkler,1945,75.0
4640901.0,31.395834,-103.020833,Ward,1945,110.0
4534803.0,31.386389,-102.811667,Ward,1945,70.0
4632514.0,31.5436111,-103.0638889,Ward,1945,240.0
5202202.0,30.989722,-103.800834,Reeves,1945,115.0
4637208.0,31.493334,-103.446111,Ward,1945,172.0
4637314.0,31.483889,-103.414723,Ward,1945,77.0
4643303.0,31.349445,-103.637778,Reeves,1945,190.0
4640202.0,31.473333,-103.067222,Ward,1945,66.0
4517203.0,31.730278,-102.949445,Winkler,1945,125.0
4637226.0,31.485834,-103.417778,Ward,1945,110.0
4616713.0,31.780555,-103.106945,Winkler,1945,110.0
4534701.0,31.395556,-102.8475,Ward,1945,102.0
4552104.0,31.245834,-102.583889,Pecos,1945,430.0
4636601.0,31.441389,-103.501112,Reeves,1945,210.0
4616714.0,31.78,-103.107778,Winkler,1945,200.0
4616712.0,31.780833,-103.107778,Winkler,1945,110.0
5202305.0,30.969444,-103.756112,Reeves,1945,26.0
4629702.0,31.500278,-103.467778,Ward,1946,186.0
4629705.0,31.523055,-103.473889,Ward,1946,152.0
4629706.0,31.503334,-103.468055,Ward,1946,162.0
4629708.0,31.507501,-103.467778,Ward,1946,195.0
4629804.0,31.509723,-103.451667,Ward,1946,153.0
4543805.0,31.280833,-102.695,Pecos,1946,89.0
4543804.0,31.283611,-102.683055,Pecos,1946,92.0
4543702.0,31.282222,-102.738056,Pecos,1946,91.0
4637204.0,31.4925,-103.433055,Ward,1946,71.0
4533812.0,31.388334,-102.953334,Ward,1946,140.0
4637222.0,31.475,-103.431111,Ward,1946,110.0
5202312.0,30.969167,-103.754445,Reeves,1946,46.0
4637217.0,31.491389,-103.442778,Ward,1946,138.0
4637108.0,31.494445,-103.463334,Ward,1946,183.0
4637216.0,31.48,-103.4275,Ward,1946,90.0
4637110.0,31.492222,-103.461112,Ward,1946,125.0
4637201.0,31.493889,-103.452501,Ward,1946,112.0
4659910.0,31.011112,-103.634167,Reeves,1946,515.0
4543701.0,31.265556,-102.722778,Pecos,1946,110.0
4552102.0,31.244722,-102.584167,Pecos,1946,100.0
4543903.0,31.266112,-102.653612,Pecos,1946,116.0
4652601.0,31.178055,-103.529722,Reeves,1946,319.0
4552101.0,31.250278,-102.610556,Pecos,1946,105.0
4552103.0,31.245278,-102.586945,Pecos,1946,109.0
4542504.0,31.317222,-102.806112,Ward,1946,65.0
4542505.0,31.316944,-102.808889,Ward,1946,62.0
4534504.0,31.452778,-102.831111,Ward,1946,91.0
4551305.0,31.248889,-102.625555,Pecos,1946,102.0
4551304.0,31.246389,-102.653056,Pecos,1946,105.0
4551303.0,31.219722,-102.628333,Pecos,1946,96.0
4553402.0,31.176944,-102.492222,Pecos,1946,102.0
4637223.0,31.473055,-103.426389,Ward,1946,110.0
4551203.0,31.237778,-102.6825,Pecos,1946,61.0
4551102.0,31.213889,-102.716112,Pecos,1946,180.0
4551101.0,31.216389,-102.746389,Pecos,1946,140.0
4552105.0,31.231944,-102.621667,Pecos,1946,119.0
4552201.0,31.224167,-102.554445,Pecos,1946,105.0
4552601.0,31.195,-102.512501,Pecos,1946,100.0
4544701.0,31.274167,-102.622778,Pecos,1946,107.0
4543904.0,31.255278,-102.665001,Pecos,1946,94.0
4553401.0,31.1725,-102.48,Pecos,1946,105.0
4551302.0,31.2225,-102.625555,Pecos,1946,100.0
4543901.0,31.265001,-102.641111,Pecos,1946,102.0
4629801.0,31.522778,-103.42,Ward,1946,130.0
4636804.0,31.382778,-103.577222,Reeves,1946,500.0
4637321.0,31.464167,-103.413056,Ward,1946,107.0
4615402.0,31.8312222,-103.2101472,Winkler,1946,190.0
4628901.0,31.502501,-103.516944,Reeves,1946,143.0
4637315.0,31.460278,-103.381389,Ward,1946,125.0
4623501.0,31.704445,-103.192778,Winkler,1946,140.0
4616901.0,31.7630139,-103.0082361,Winkler,1946,120.0
4629720.0,31.54,-103.490834,Ward,1947,180.0
4629719.0,31.541111,-103.490278,Ward,1947,360.0
4629712.0,31.522222,-103.491389,Ward,1947,165.0
4551202.0,31.223611,-102.675278,Pecos,1947,91.0
4629722.0,31.536945,-103.473333,Ward,1947,165.0
4629802.0,31.509723,-103.452223,Ward,1947,162.0
4638502.0,31.436667,-103.328333,Ward,1947,80.0
4643305.0,31.348611,-103.656112,Reeves,1947,300.0
4550501.0,31.191945,-102.7925,Pecos,1947,150.0
4637310.0,31.481111,-103.405834,Ward,1947,112.0
4536802.0,31.406389,-102.569722,Crane,1947,234.0
4636806.0,31.411389,-103.556112,Reeves,1947,225.0
4638501.0,31.433889,-103.330833,Ward,1947,233.0
4636803.0,31.408334,-103.574722,Reeves,1947,685.0
4636802.0,31.407223,-103.578889,Reeves,1947,500.0
4635601.0,31.4188889,-103.645,Reeves,1947,360.0
4533813.0,31.385834,-102.935556,Ward,1947,169.0
4636402.0,31.420555,-103.584167,Reeves,1947,215.0
4525512.0,31.564445,-102.943056,Ward,1947,100.0
4517907.0,31.650001,-102.883889,Ward,1947,10.0
4652403.0,31.200556,-103.624444,Reeves,1947,350.0
4638106.0,31.467222,-103.375,Ward,1947,180.0
5307102.0,30.999722,-102.235,Pecos,1947,200.0
4632902.0,31.508056,-103.030555,Ward,1947,120.0
4644403.0,31.320278,-103.618055,Reeves,1947,507.0
4637224.0,31.47,-103.423611,Ward,1947,200.0
4637225.0,31.459723,-103.418611,Ward,1947,133.0
4637311.0,31.486111,-103.401112,Ward,1947,149.0
4637322.0,31.486945,-103.409445,Ward,1947,216.0
4637105.0,31.468611,-103.475278,Ward,1947,220.0
4637326.0,31.462501,-103.408056,Ward,1947,100.0
4637302.0,31.481111,-103.396111,Ward,1947,100.0
4632607.0,31.558612,-103.034445,Ward,1948,335.0
5307301.0,30.969722,-102.136945,Pecos,1948,235.0
4636103.0,31.460001,-103.585556,Reeves,1948,590.0
4632606.0,31.565278,-103.038056,Ward,1948,302.0
4533504.0,31.421389,-102.938056,Ward,1948,157.0
4652402.0,31.1825,-103.595,Reeves,1948,194.0
4533505.0,31.423611,-102.939445,Ward,1948,157.0
4533506.0,31.425,-102.933889,Ward,1948,157.0
4636903.0,31.391945,-103.540834,Reeves,1948,520.0
4551204.0,31.2311111,-102.6880556,Pecos,1948,120.0
4615201.0,31.849167,-103.178611,Winkler,1948,90.0
4563803.0,31.001945,-102.205556,Pecos,1948,128.0
4644202.0,31.352223,-103.566944,Reeves,1948,600.0
4637316.0,31.460556,-103.38,Ward,1948,128.0
4562902.0,31.010001,-102.271111,Pecos,1948,230.0
4637603.0,31.451945,-103.403056,Ward,1948,150.0
4529702.0,31.525555,-102.485278,Crane,1948,90.0
4643902.0,31.278889,-103.635278,Reeves,1948,450.0
4533814.0,31.383334,-102.933889,Ward,1948,107.0
4664502.0,31.044722,-103.043889,Pecos,1948,165.0
4637221.0,31.476111,-103.427778,Ward,1948,90.0
4635801.0,31.408612,-103.699722,Reeves,1948,780.0
4632510.0,31.552778,-103.050556,Ward,1948,259.0
4644408.0,31.312778,-103.584445,Reeves,1948,865.0
4629714.0,31.518055,-103.466112,Ward,1948,158.0
4629711.0,31.535556,-103.486945,Ward,1948,400.0
4643603.0,31.305834,-103.635278,Reeves,1948,450.0
4525303.0,31.586389,-102.894167,Ward,1948,93.0
4640301.0,31.470278,-103.038056,Ward,1948,180.0
4644103.0,31.361667,-103.599722,Reeves,1948,680.0
4643601.0,31.320555,-103.635,Reeves,1948,509.0
4636503.0,31.433055,-103.574722,Reeves,1948,400.0
4501201.0,31.993889,-102.934722,Winkler,1948,135.0
4644411.0,31.301667,-103.610001,Reeves,1948,560.0
4643304.0,31.335,-103.651945,Reeves,1948,532.0
4637601.0,31.451667,-103.412501,Ward,1949,155.0
4533908.0,31.385278,-102.914445,Ward,1949,135.0
5306304.0,30.998889,-102.27,Pecos,1949,198.0
4636507.0,31.456389,-103.582222,Reeves,1949,484.0
4637404.0,31.444722,-103.475,Ward,1949,300.0
4651310.0,31.216112,-103.641111,Reeves,1949,400.0
5307103.0,30.9775,-102.229167,Pecos,1949,250.0
4534507.0,31.452778,-102.831111,Ward,1949,94.0
4644106.0,31.343334,-103.603612,Reeves,1949,525.0
4637109.0,31.499167,-103.461667,Ward,1949,125.0
4549202.0,31.228333,-102.926944,Pecos,1949,243.0
4608401.0,31.950001,-103.107501,Winkler,1949,166.0
4542601.0,31.312501,-102.770833,Ward,1949,64.0
4644203.0,31.3391667,-103.5788889,Reeves,1949,350.0
4636708.0,31.395,-103.625278,Reeves,1949,347.0
4624201.0,31.746667,-103.063612,Winkler,1950,175.0
4659907.0,31.025278,-103.666389,Reeves,1950,464.0
4533604.0,31.437778,-102.88,Ward,1950,135.0
5202605.0,30.958334,-103.756945,Reeves,1950,42.0
5203117.0,31.000556,-103.733889,Reeves,1950,27.0
4615309.0,31.853889,-103.129444,Winkler,1950,106.0
4533823.0,31.405556,-102.922778,Ward,1950,116.0
4637333.0,31.460278,-103.399167,Ward,1950,83.0
4542602.0,31.312501,-102.770833,Ward,1950,64.0
4542512.0,31.293611,-102.796667,Ward,1950,56.0
4608707.0,31.878055,-103.087222,Winkler,1950,160.0
4651301.0,31.231667,-103.657223,Reeves,1950,800.0
4501401.0,31.953334,-102.971111,Winkler,1950,120.0
4637323.0,31.458612,-103.399722,Ward,1950,90.0
4652105.0,31.224167,-103.624167,Reeves,1950,1000.0
4616125.0,31.842778,-103.085556,Winkler,1950,227.0
4616207.0,31.848889,-103.078611,Winkler,1950,200.0
4534404.0,31.451389,-102.836667,Ward,1950,94.0
4534401.0,31.454907,-102.834456,Ward,1950,100.0
4616505.0,31.793056,-103.075833,Winkler,1950,125.0
4527204.0,31.624133,-102.693411,Crane,1950,120.0
4644805.0,31.2725,-103.559167,Reeves,1950,500.0
4640102.0,31.492222,-103.109723,Ward,1950,110.0
5202308.0,30.968611,-103.763334,Reeves,1951,40.0
4631303.0,31.584445,-103.1275,Ward,1951,264.0
2757601.0,32.065001,-102.890556,Winkler,1951,101.0
4608102.0,31.998334,-103.109445,Winkler,1951,110.0
4637111.0,31.49,-103.460001,Ward,1951,160.0
4607402.0,31.932275,-103.2166917,Winkler,1951,130.0
4533822.0,31.408056,-102.926944,Ward,1951,135.0
4533512.0,31.425,-102.939167,Ward,1951,220.0
4533514.0,31.431389,-102.945556,Ward,1951,223.0
4632506.0,31.550001,-103.064445,Ward,1951,250.0
5203318.0,30.9975,-103.651945,Reeves,1951,347.0
4632505.0,31.549445,-103.064723,Ward,1951,248.0
4636101.0,31.480278,-103.615278,Reeves,1951,600.0
4652705.0,31.144722,-103.589167,Reeves,1951,600.0
4643903.0,31.2775,-103.651945,Reeves,1951,756.0
4659211.0,31.090278,-103.671944,Reeves,1951,450.0
4659210.0,31.085834,-103.681389,Reeves,1951,600.0
4659208.0,31.085278,-103.670278,Reeves,1951,450.0
4644101.0,31.3419444,-103.5955556,Reeves,1951,514.0
4651204.0,31.216944,-103.683611,Reeves,1951,733.0
4652701.0,31.135,-103.617222,Reeves,1951,600.0
4644501.0,31.3241667,-103.5438889,Reeves,1951,627.0
4660101.0,31.1161111,-103.5963889,Reeves,1951,560.0
4651206.0,31.223889,-103.692222,Reeves,1951,700.0
4644602.0,31.331944,-103.530833,Reeves,1951,830.0
4652703.0,31.1641667,-103.6144444,Reeves,1951,595.0
4636704.0,31.391667,-103.602501,Reeves,1951,760.0
4644603.0,31.332222,-103.537222,Reeves,1951,540.0
4637218.0,31.489445,-103.426389,Ward,1952,117.0
4616216.0,31.864167,-103.078055,Winkler,1952,225.0
4644204.0,31.352778,-103.571667,Reeves,1952,545.0
4651305.0,31.231111,-103.665556,Reeves,1952,490.0
4637219.0,31.488334,-103.424444,Ward,1952,121.0
4651304.0,31.247222,-103.649722,Reeves,1952,820.0
4645801.0,31.273611,-103.428333,Reeves,1952,276.0
4659308.0,31.111112,-103.649722,Reeves,1952,614.0
4616202.0,31.865834,-103.078055,Winkler,1952,215.0
4614301.0,31.874444,-103.257778,Winkler,1952,140.0
4537202.0,31.475278,-102.451945,Crane,1952,72.0
4651903.0,31.1530556,-103.6647222,Reeves,1952,623.0
4628802.0,31.511667,-103.544722,Reeves,1952,300.0
4608605.0,31.948056,-103.001667,Winkler,1952,11.0
4628801.0,31.5175,-103.574444,Reeves,1952,519.0
4537203.0,31.476389,-102.448611,Crane,1952,87.0
5203302.0,30.9597222,-103.6355556,Reeves,1952,400.0
4636202.0,31.495834,-103.545,Reeves,1952,650.0
4517501.0,31.673889,-102.930833,Winkler,1952,60.0
4659105.0,31.1022222,-103.7261111,Reeves,1952,600.0
5204403.0,30.946111,-103.5975,Reeves,1952,360.0
4659904.0,31.02,-103.637778,Reeves,1952,500.0
4659203.0,31.122222,-103.700278,Reeves,1952,540.0
4632807.0,31.5405556,-103.0658333,Ward,1952,271.0
4636201.0,31.485,-103.5775,Reeves,1952,700.0
4659909.0,31.023333,-103.656112,Reeves,1952,300.0
4607806.0,31.898056,-103.177778,Winkler,1952,250.0
2664801.0,32.015556,-103.054167,Winkler,1952,80.0
4635902.0,31.406389,-103.635556,Reeves,1952,585.0
4660405.0,31.083611,-103.621944,Reeves,1952,622.0
4639201.0,31.488889,-103.199722,Ward,1952,102.0
5204105.0,30.9838889,-103.6038889,Reeves,1952,350.0
4660205.0,31.108612,-103.581111,Reeves,1952,426.0
4656501.0,31.194445,-103.075833,Pecos,1953,400.0
4615501.0,31.818611,-103.206112,Winkler,1953,130.0
4615803.0,31.768889,-103.176667,Winkler,1953,468.0
4644401.0,31.318611,-103.610001,Reeves,1953,576.0
4615909.0,31.757778,-103.160278,Winkler,1953,240.0
4656503.0,31.205001,-103.062778,Pecos,1953,478.0
4638101.0,31.461112,-103.366389,Ward,1953,100.0
4659201.0,31.1052778,-103.6916667,Reeves,1953,590.0
4533211.0,31.461945,-102.955001,Ward,1953,127.0
4651522.0,31.200278,-103.708612,Reeves,1953,600.0
4659404.0,31.076389,-103.7225,Reeves,1953,650.0
4651528.0,31.169722,-103.670555,Reeves,1953,973.0
4651802.0,31.137778,-103.691111,Reeves,1953,607.0
4655602.0,31.201389,-103.154167,Pecos,1953,210.0
4652404.0,31.1883333,-103.5855556,Reeves,1953,643.0
4535501.0,31.446111,-102.673333,Crane,1953,165.0
4638404.0,31.457778,-103.366944,Ward,1953,100.0
4637611.0,31.4425,-103.378611,Ward,1953,100.0
4607946.0,31.88,-103.127778,Winkler,1953,200.0
4651906.0,31.141389,-103.648611,Reeves,1953,575.0
4651212.0,31.224444,-103.675278,Reeves,1953,505.0
4651210.0,31.242778,-103.675278,Reeves,1953,815.0
4660102.0,31.087778,-103.603334,Reeves,1953,600.0
4651209.0,31.247222,-103.692222,Reeves,1953,850.0
4651205.0,31.216389,-103.691945,Reeves,1953,700.0
4659905.0,31.005834,-103.641389,Reeves,1953,600.0
4651201.0,31.247222,-103.683889,Reeves,1953,740.0
4636205.0,31.498889,-103.582778,Reeves,1953,643.0
5203309.0,30.998334,-103.639445,Reeves,1953,613.0
5203603.0,30.958612,-103.626944,Reeves,1953,480.0
4659604.0,31.068055,-103.657501,Reeves,1953,628.0
4528906.0,31.512223,-102.513334,Crane,1953,80.0
4656505.0,31.205001,-103.057501,Pecos,1953,393.0
4528907.0,31.505556,-102.510834,Crane,1953,85.0
4528908.0,31.506667,-102.505556,Crane,1953,81.0
4529401.0,31.551945,-102.487778,Crane,1953,105.0
4607927.0,31.895834,-103.142222,Winkler,1953,212.0
4529703.0,31.512778,-102.478333,Crane,1953,80.0
4529704.0,31.508334,-102.476944,Crane,1953,80.0
4529705.0,31.503612,-102.475833,Crane,1953,80.0
4656704.0,31.129444,-103.109445,Pecos,1954,660.0
4534503.0,31.452778,-102.831111,Ward,1954,98.0
4616123.0,31.8425,-103.101667,Winkler,1954,200.0
4652605.0,31.175833,-103.518889,Reeves,1954,430.0
4632619.0,31.562501,-103.020833,Ward,1954,365.0
4616150.0,31.838889,-103.122778,Winkler,1954,200.0
4542106.0,31.336389,-102.852778,Ward,1954,50.0
4642504.0,31.3297222,-103.8144444,Reeves,1954,82.0
4656705.0,31.1509444,-103.1197778,Pecos,1954,500.0
4652106.0,31.245278,-103.591389,Reeves,1954,1015.0
5204106.0,30.991389,-103.601667,Reeves,1954,403.0
4528905.0,31.513334,-102.508056,Crane,1954,80.0
4528904.0,31.531389,-102.502501,Crane,1954,83.0
4525610.0,31.581944,-102.916944,Ward,1954,100.0
4615304.0,31.863334,-103.1325,Winkler,1954,150.0
4659507.0,31.050556,-103.697778,Reeves,1954,693.0
4656405.0,31.200834,-103.102501,Pecos,1954,585.0
4632206.0,31.583334,-103.075555,Ward,1955,1010.0
4637116.0,31.481389,-103.474722,Ward,1955,89.0
4651311.0,31.248611,-103.658612,Reeves,1955,1140.0
4632410.0,31.576944,-103.120833,Ward,1955,300.0
4632203.0,31.608334,-103.07,Ward,1955,745.0
4644502.0,31.300278,-103.5675,Reeves,1955,545.0
4632502.0,31.552778,-103.07,Ward,1955,148.0
4631304.0,31.586111,-103.133889,Ward,1955,300.0
4631601.0,31.576667,-103.128333,Ward,1955,322.0
4632508.0,31.569444,-103.07,Ward,1955,426.0
4631602.0,31.570555,-103.135278,Ward,1955,200.0
4652706.0,31.144167,-103.585278,Reeves,1955,792.0
4632412.0,31.573889,-103.108612,Ward,1955,1022.0
4656802.0,31.158612,-103.065278,Pecos,1955,913.0
4624806.0,31.626389,-103.062223,Ward,1955,469.0
4501402.0,31.946945,-102.974167,Winkler,1955,105.0
4632205.0,31.5925,-103.047778,Ward,1955,521.0
4534501.0,31.447222,-102.811667,Ward,1955,70.0
4624803.0,31.635556,-103.078611,Ward,1955,242.0
4637101.0,31.4598444,-103.4740917,Ward,1955,300.0
4660104.0,31.113612,-103.596667,Reeves,1955,628.0
4632402.0,31.557223,-103.112223,Ward,1955,192.0
4637104.0,31.4647222,-103.4686111,Ward,1955,300.0
4632204.0,31.583334,-103.075555,Ward,1955,425.0
4639302.0,31.498889,-103.161389,Ward,1955,1087.0
4637320.0,31.463334,-103.401112,Ward,1955,110.0
4637106.0,31.463334,-103.479167,Ward,1955,300.0
4656708.0,31.1638917,-103.1115472,Pecos,1955,649.0
4651613.0,31.193611,-103.641389,Reeves,1955,800.0
4632404.0,31.563889,-103.105556,Ward,1955,200.0
4632407.0,31.578889,-103.123611,Ward,1955,303.0
4652501.0,31.1861111,-103.5705556,Reeves,1955,580.0
5208701.0,30.896111,-103.117222,Pecos,1955,658.0
4660105.0,31.116944,-103.595834,Reeves,1955,570.0
4632509.0,31.568055,-103.056112,Ward,1955,385.0
4608602.0,31.946667,-103.036667,Winkler,1955,200.0
4656402.0,31.173055,-103.109445,Pecos,1955,377.0
4533208.0,31.483334,-102.939445,Ward,1955,240.0
4656408.0,31.190278,-103.085,Pecos,1955,485.0
4615401.0,31.833055,-103.209723,Winkler,1955,200.0
4533105.0,31.472778,-102.961112,Ward,1955,250.0
4608518.0,31.946389,-103.045556,Winkler,1955,200.0
4615910.0,31.758056,-103.159723,Winkler,1955,240.0
4648604.0,31.301389,-103.033889,Pecos,1955,425.0
4656504.0,31.200556,-103.076944,Pecos,1955,590.0
4525705.0,31.529444,-102.989445,Ward,1955,205.0
4659603.0,31.043889,-103.666389,Reeves,1955,590.0
4648504.0,31.305834,-103.048334,Pecos,1955,448.0
4608804.0,31.896389,-103.069167,Winkler,1955,150.0
4608201.0,31.962223,-103.043056,Winkler,1955,200.0
4656702.0,31.143889,-103.086111,Pecos,1955,1003.0
4608302.0,31.960556,-103.041667,Winkler,1955,200.0
4608301.0,31.958889,-103.041111,Winkler,1955,200.0
4660403.0,31.061389,-103.62,Reeves,1955,590.0
4656703.0,31.1583333,-103.1130556,Pecos,1955,649.0
4608303.0,31.959723,-103.041389,Winkler,1955,200.0
4607914.0,31.898611,-103.145,Winkler,1956,190.0
4607913.0,31.900001,-103.145,Winkler,1956,190.0
4608703.0,31.893056,-103.092222,Winkler,1956,160.0
4623907.0,31.665556,-103.152501,Winkler,1956,400.0
4637607.0,31.450834,-103.410834,Ward,1956,285.0
4643604.0,31.291945,-103.628333,Reeves,1956,1303.0
4651218.0,31.209167,-103.675,Reeves,1956,816.0
4639301.0,31.498889,-103.163056,Ward,1956,300.0
4549402.0,31.208612,-102.993889,Pecos,1956,232.0
4623603.0,31.668889,-103.165834,Winkler,1956,223.0
4631302.0,31.594445,-103.145,Ward,1956,300.0
4632403.0,31.545278,-103.125,Ward,1956,400.0
4549401.0,31.208612,-102.993611,Pecos,1956,235.0
4631603.0,31.543056,-103.127222,Ward,1956,200.0
4517202.0,31.737778,-102.936389,Winkler,1956,130.0
4631607.0,31.556112,-103.13,Ward,1956,265.0
4501902.0,31.882778,-102.894167,Winkler,1956,100.0
4501901.0,31.9028556,-102.9051806,Winkler,1956,108.0
4518802.0,31.638889,-102.817222,Ward,1956,63.0
4636404.0,31.420555,-103.584167,Reeves,1956,685.0
4607602.0,31.921944,-103.151112,Winkler,1956,200.0
4637301.0,31.461945,-103.394722,Ward,1956,90.0
4644706.0,31.288056,-103.618333,Reeves,1956,1409.0
4640101.0,31.486945,-103.121111,Ward,1956,310.0
4631801.0,31.505556,-103.1675,Ward,1956,300.0
4526204.0,31.619333,-102.811872,Ward,1956,98.0
4644705.0,31.283334,-103.610001,Reeves,1956,995.0
4644704.0,31.2911111,-103.6180556,Reeves,1956,1406.0
4631901.0,31.502778,-103.164445,Ward,1956,274.0
4533107.0,31.491389,-102.978333,Ward,1957,250.0
4608811.0,31.885278,-103.049722,Winkler,1957,100.0
4629504.0,31.561667,-103.418611,Ward,1957,64.0
4656204.0,31.239722,-103.066112,Pecos,1957,250.0
4518801.0,31.6355556,-102.8150361,Ward,1957,75.0
4615303.0,31.866389,-103.139722,Winkler,1957,148.0
4644404.0,31.320555,-103.617222,Reeves,1957,1269.0
4637327.0,31.470833,-103.378055,Ward,1957,140.0
4656901.0,31.159723,-103.042222,Pecos,1957,902.0
4651506.0,31.197778,-103.700556,Reeves,1957,816.0
4644205.0,31.345834,-103.574444,Reeves,1957,1253.0
4623302.0,31.748334,-103.153334,Winkler,1957,345.0
4526203.0,31.6200333,-102.8104389,Ward,1957,115.0
4533210.0,31.473889,-102.929722,Ward,1957,210.0
4643905.0,31.262778,-103.666944,Reeves,1957,1508.0
4648802.0,31.288056,-103.075,Pecos,1957,779.0
4648801.0,31.261667,-103.054723,Pecos,1957,400.0
4652401.0,31.186389,-103.624722,Reeves,1957,655.0
4652109.0,31.248889,-103.593611,Reeves,1957,1354.0
4533712.0,31.390834,-102.971389,Ward,1957,127.0
4648602.0,31.322222,-103.027222,Pecos,1957,520.0
4624701.0,31.634445,-103.086667,Ward,1957,386.0
4652406.0,31.207778,-103.608056,Reeves,1957,700.0
4624703.0,31.6321333,-103.086325,Ward,1957,385.0
4624704.0,31.634167,-103.087222,Ward,1957,392.0
4643803.0,31.271111,-103.668611,Reeves,1957,800.0
4560603.0,31.057223,-102.524167,Pecos,1957,430.0
4549106.0,31.209167,-102.993056,Pecos,1957,198.0
4624804.0,31.644722,-103.066389,Ward,1957,225.0
4637608.0,31.448334,-103.403056,Ward,1957,110.0
4533703.0,31.409723,-102.989722,Ward,1958,100.0
4616121.0,31.841667,-103.108334,Winkler,1958,150.0
4535203.0,31.464445,-102.672778,Crane,1958,147.0
4637503.0,31.457223,-103.42,Ward,1958,100.0
4644701.0,31.263889,-103.610001,Reeves,1958,1055.0
4652708.0,31.161945,-103.602223,Reeves,1958,840.0
4640204.0,31.488889,-103.046389,Ward,1958,255.0
4653902.0,31.127778,-103.398611,Reeves,1958,440.0
4651202.0,31.210001,-103.691945,Reeves,1958,801.0
5202508.0,30.9475,-103.794445,Reeves,1958,29.0
4651217.0,31.211389,-103.675278,Reeves,1958,823.0
5203312.0,30.989445,-103.633055,Reeves,1958,604.0
4602302.0,31.9825,-103.753334,Loving,1958,225.0
4533707.0,31.388889,-102.981111,Ward,1958,210.0
4643802.0,31.258056,-103.675278,Reeves,1958,1010.0
4535205.0,31.4585389,-102.6692528,Crane,1958,172.0
5203313.0,30.985834,-103.655001,Reeves,1958,420.0
4640304.0,31.481667,-103.028889,Ward,1958,238.0
4535504.0,31.450278,-102.669722,Crane,1958,166.0
4651515.0,31.206945,-103.701945,Reeves,1958,720.0
4653601.0,31.186389,-103.406945,Reeves,1958,398.0
4616209.0,31.850556,-103.073055,Winkler,1959,186.0
4535603.0,31.455556,-102.666112,Crane,1959,183.0
4535202.0,31.460278,-102.674722,Crane,1959,158.0
4644804.0,31.253056,-103.561667,Reeves,1959,1080.0
4535505.0,31.454445,-102.673333,Crane,1959,153.0
4535204.0,31.468889,-102.674444,Crane,1959,160.0
4639603.0,31.435556,-103.136389,Ward,1959,119.0
4533704.0,31.399445,-102.980833,Ward,1959,200.0
4636905.0,31.405556,-103.538056,Reeves,1959,420.0
4535304.0,31.459167,-102.655834,Crane,1959,131.0
4535303.0,31.463612,-102.658334,Crane,1959,149.0
4624702.0,31.628055,-103.085278,Ward,1959,395.0
4639602.0,31.440556,-103.156945,Ward,1959,120.0
4535301.0,31.463334,-102.666944,Crane,1959,157.0
4535302.0,31.460001,-102.662501,Crane,1959,168.0
4607929.0,31.904167,-103.144445,Winkler,1960,202.0
4636908.0,31.408334,-103.509723,Reeves,1960,30.0
4616405.0,31.816112,-103.103056,Winkler,1960,106.0
4637606.0,31.454723,-103.413612,Ward,1960,94.0
5203113.0,30.979444,-103.740834,Reeves,1960,20.0
4541203.0,31.362223,-102.948611,Ward,1960,55.0
4533608.0,31.455556,-102.906667,Ward,1960,100.0
4659503.0,31.060556,-103.696945,Reeves,1960,600.0
4640802.0,31.395834,-103.062501,Ward,1960,40.0
4637504.0,31.432222,-103.431111,Ward,1960,97.0
4525707.0,31.533334,-102.992222,Ward,1960,220.0
4616217.0,31.835278,-103.082778,Winkler,1960,200.0
4533705.0,31.399722,-102.995,Ward,1960,127.0
4658902.0,31.036389,-103.765001,Reeves,1961,200.0
4637502.0,31.452778,-103.458612,Ward,1961,190.0
4615905.0,31.761667,-103.160556,Winkler,1961,210.0
4616203.0,31.851112,-103.070555,Winkler,1961,212.0
4637501.0,31.456945,-103.453612,Ward,1961,190.0
4637317.0,31.470278,-103.376667,Ward,1961,200.0
4544801.0,31.282778,-102.572222,Crane,1961,75.0
4545801.0,31.282222,-102.422778,Crane,1961,95.0
4543101.0,31.350834,-102.734722,Crane,1961,202.0
4637609.0,31.445834,-103.393611,Ward,1961,60.0
4527202.0,31.620833,-102.689167,Crane,1961,120.0
4533402.0,31.433334,-102.992778,Ward,1961,168.0
4545901.0,31.255556,-102.391667,Crane,1961,150.0
4623306.0,31.750001,-103.161667,Winkler,1962,300.0
4644206.0,31.335278,-103.560556,Reeves,1962,700.0
4643504.0,31.295,-103.686389,Reeves,1962,832.0
4637605.0,31.457778,-103.405556,Ward,1962,80.0
4640307.0,31.490278,-103.035834,Ward,1962,316.0
4640203.0,31.499167,-103.059167,Ward,1962,350.0
4643904.0,31.250834,-103.666389,Reeves,1962,1400.0
4640308.0,31.476944,-103.031111,Ward,1962,256.0
4533706.0,31.391111,-102.984445,Ward,1962,300.0
4631604.0,31.544722,-103.1275,Ward,1962,225.0
4533710.0,31.383611,-102.979444,Ward,1962,230.0
4659510.0,31.043611,-103.683889,Reeves,1962,610.0
4640306.0,31.485278,-103.029444,Ward,1963,240.0
4637604.0,31.453612,-103.399167,Ward,1963,95.0
4525909.0,31.531389,-102.903889,Ward,1963,100.0
4637324.0,31.460834,-103.402501,Ward,1963,105.0
4643503.0,31.292222,-103.686389,Reeves,1963,802.0
4525911.0,31.53,-102.904445,Ward,1963,100.0
4608710.0,31.879722,-103.104445,Winkler,1963,240.0
4533507.0,31.441667,-102.956112,Ward,1963,230.0
4533401.0,31.442778,-102.963612,Ward,1963,250.0
4623303.0,31.748334,-103.153334,Winkler,1963,406.0
4615924.0,31.7580583,-103.1597222,Winkler,1963,225.0
4637402.0,31.454167,-103.465001,Ward,1963,242.0
4640305.0,31.480555,-103.023611,Ward,1963,252.0
4615319.0,31.8425,-103.131667,Winkler,1963,195.0
4632409.0,31.541667,-103.097778,Ward,1963,185.0
4533106.0,31.480555,-102.965001,Ward,1963,303.0
4632603.0,31.565834,-103.014723,Ward,1963,306.0
4525323.0,31.592222,-102.904445,Ward,1963,100.0
4640602.0,31.429167,-103.015834,Ward,1963,260.0
4608507.0,31.925278,-103.082778,Winkler,1963,207.0
4637312.0,31.463612,-103.393334,Ward,1963,90.0
4621703.0,31.650001,-103.481111,Ward,1963,228.0
4533907.0,31.390278,-102.904167,Ward,1964,90.0
4534407.0,31.433611,-102.846111,Ward,1964,110.0
4608405.0,31.935834,-103.106389,Winkler,1964,175.0
4616503.0,31.810834,-103.073611,Winkler,1964,165.0
4533701.0,31.408334,-102.992222,Ward,1964,156.0
4639205.0,31.461112,-103.176667,Ward,1964,142.0
4640503.0,31.443056,-103.051112,Ward,1964,210.0
4615317.0,31.841389,-103.135834,Winkler,1964,200.0
4637319.0,31.461389,-103.403056,Ward,1964,89.0
4616122.0,31.842778,-103.102223,Winkler,1964,225.0
4615328.0,31.838611,-103.129167,Winkler,1964,175.0
4542105.0,31.334167,-102.857223,Ward,1964,70.0
4637403.0,31.44,-103.471111,Ward,1964,217.0
5202313.0,30.959723,-103.755278,Reeves,1964,36.0
4615316.0,31.8375,-103.134722,Winkler,1964,50.0
4640504.0,31.441111,-103.057223,Ward,1964,230.0
4632411.0,31.548056,-103.105278,Ward,1964,200.0
4640505.0,31.436389,-103.053334,Ward,1964,230.0
4615331.0,31.840834,-103.128611,Winkler,1965,150.0
4629602.0,31.544167,-103.393056,Ward,1965,48.0
4525903.0,31.538889,-102.899445,Ward,1965,100.0
4608706.0,31.875833,-103.119444,Winkler,1965,175.0
4637215.0,31.486111,-103.429444,Ward,1965,103.0
4616135.0,31.848334,-103.088889,Winkler,1965,225.0
4533702.0,31.410556,-102.996389,Ward,1965,153.0
4533708.0,31.378611,-102.985278,Ward,1965,110.0
4629904.0,31.531667,-103.401667,Ward,1965,204.0
4631606.0,31.563612,-103.136667,Ward,1965,200.0
4637318.0,31.463056,-103.395278,Ward,1965,86.0
4659704.0,31.012223,-103.710001,Reeves,1965,50.0
4632804.0,31.537778,-103.063612,Ward,1965,207.0
4542510.0,31.300556,-102.7925,Ward,1965,60.0
4637332.0,31.467222,-103.400834,Ward,1965,81.0
4611301.0,31.861112,-103.644167,Loving,1965,170.0
4621702.0,31.647222,-103.478055,Ward,1965,286.0
4624705.0,31.6391889,-103.0935472,Ward,1965,387.0
4626401.0,31.5702778,-103.8722222,Reeves,1965,800.0
4606201.0,31.961945,-103.309723,Winkler,1965,120.0
4632604.0,31.566389,-103.014723,Ward,1966,284.0
4542507.0,31.308612,-102.811667,Ward,1966,67.0
4542506.0,31.308612,-102.808889,Ward,1966,63.0
4620409.0,31.706667,-103.601945,Loving,1966,63.0
4640502.0,31.448611,-103.047778,Ward,1966,242.0
4629401.0,31.560556,-103.469167,Ward,1966,60.0
4542402.0,31.311112,-102.858889,Ward,1966,52.0
4629903.0,31.532778,-103.401945,Ward,1966,190.0
4542509.0,31.296945,-102.826944,Ward,1966,64.0
4614201.0,31.834722,-103.303056,Winkler,1966,276.0
4602603.0,31.926389,-103.773611,Loving,1966,238.0
4632408.0,31.543056,-103.110001,Ward,1966,200.0
4607601.0,31.922222,-103.150556,Winkler,1966,300.0
4640205.0,31.498334,-103.063334,Ward,1966,203.0
4525706.0,31.5325,-102.988611,Ward,1966,280.0
4542508.0,31.312501,-102.812501,Ward,1966,65.0
4632702.0,31.500001,-103.083889,Ward,1966,200.0
4615314.0,31.845,-103.136667,Winkler,1967,130.0
4644406.0,31.305834,-103.609723,Reeves,1967,925.0
4616502.0,31.811112,-103.074444,Winkler,1967,138.0
4616154.0,31.860001,-103.084445,Winkler,1967,220.0
4616214.0,31.843056,-103.076389,Winkler,1967,213.0
4629101.0,31.608612,-103.472222,Ward,1967,103.0
4656601.0,31.186111,-103.038889,Pecos,1967,648.0
4656602.0,31.181667,-103.038889,Pecos,1967,650.0
4638403.0,31.443611,-103.372222,Ward,1967,100.0
4632401.0,31.547222,-103.108889,Ward,1967,226.0
4522702.0,31.6375,-102.356112,Crane,1967,80.0
2750103.0,32.241338,-102.87118,Andrews,1967,490.0
4651803.0,31.133889,-103.692222,Reeves,1967,865.0
4659307.0,31.112778,-103.657778,Reeves,1968,626.0
4651804.0,31.144445,-103.691945,Reeves,1968,905.0
4608810.0,31.883055,-103.056667,Winkler,1968,220.0
4643505.0,31.302778,-103.686389,Reeves,1968,880.0
4536106.0,31.458334,-102.616389,Crane,1968,160.0
4644104.0,31.349722,-103.619722,Reeves,1968,1258.0
4643206.0,31.333889,-103.686389,Reeves,1968,1194.0
4651216.0,31.231667,-103.671389,Reeves,1968,840.0
4615904.0,31.761945,-103.158612,Winkler,1968,365.0
4602604.0,31.926667,-103.773333,Loving,1968,254.0
4620407.0,31.705278,-103.599722,Loving,1968,63.0
4615903.0,31.761389,-103.151945,Winkler,1968,286.0
4649503.0,31.176944,-103.941945,Reeves,1968,1020.0
4615604.0,31.815278,-103.128611,Winkler,1968,200.0
4651309.0,31.216112,-103.640834,Reeves,1968,1475.0
4616704.0,31.780278,-103.107223,Winkler,1968,165.0
4653801.0,31.1275,-103.4175,Reeves,1969,420.0
4632413.0,31.578611,-103.100556,Ward,1969,638.0
4649502.0,31.197778,-103.941389,Reeves,1969,445.0
4632223.0,31.605001,-103.050278,Ward,1969,650.0
4632224.0,31.608056,-103.070555,Ward,1969,731.0
4652205.0,31.238056,-103.575,Reeves,1969,1120.0
4652602.0,31.191111,-103.535834,Reeves,1969,672.0
4632518.0,31.575555,-103.055834,Ward,1969,830.0
4616212.0,31.849722,-103.075,Winkler,1969,251.0
4632517.0,31.561112,-103.046389,Ward,1969,700.0
4518803.0,31.6353361,-102.8162472,Ward,1969,85.0
4632103.0,31.5955556,-103.1083333,Ward,1969,943.0
4632101.0,31.603334,-103.091945,Ward,1969,875.0
4649504.0,31.171944,-103.943611,Reeves,1969,704.0
4653802.0,31.127778,-103.423333,Reeves,1969,400.0
4649506.0,31.176944,-103.941945,Reeves,1969,610.0
4614202.0,31.852223,-103.316112,Winkler,1969,300.0
4649510.0,31.188056,-103.946667,Reeves,1969,360.0
4607945.0,31.879167,-103.127222,Winkler,1969,200.0
4632912.0,31.5363889,-103.0063889,Ward,1970,290.0
4653901.0,31.1275,-103.413334,Reeves,1970,409.0
4654301.0,31.2475,-103.255556,Reeves,1970,400.0
4632906.0,31.5205556,-103.02,Ward,1970,350.0
4609901.0,31.7875,-103.8880556,Reeves,1970,73.0
4651525.0,31.199167,-103.6675,Reeves,1970,966.0
4652110.0,31.2475,-103.624444,Reeves,1970,1250.0
4632907.0,31.52,-103.0047222,Ward,1971,295.0
4632909.0,31.5313889,-103.0047222,Ward,1971,310.0
4652710.0,31.136389,-103.623889,Reeves,1971,675.0
4632624.0,31.5472222,-103.0175,Ward,1971,290.0
4632626.0,31.5538889,-103.0172222,Ward,1971,295.0
4632627.0,31.5497222,-103.0113889,Ward,1971,310.0
4632910.0,31.5411111,-103.0186111,Ward,1971,295.0
4632908.0,31.5286111,-103.01,Ward,1971,290.0
4632915.0,31.5261111,-103.0030556,Ward,1971,310.0
4632622.0,31.5427778,-103.0105556,Ward,1971,295.0
4643213.0,31.3555556,-103.6777778,Reeves,1971,1060.0
4643908.0,31.291389,-103.635,Reeves,1971,700.0
4643308.0,31.335834,-103.656389,Reeves,1971,1250.0
4643212.0,31.355001,-103.686111,Reeves,1971,965.0
4644407.0,31.313612,-103.601389,Reeves,1971,931.0
4651530.0,31.200278,-103.670555,Reeves,1971,950.0
4632911.0,31.5344444,-103.0144444,Ward,1971,295.0
4525710.0,31.511644,-102.997089,Ward,1971,240.0
4651907.0,31.1369444,-103.6294444,Reeves,1971,657.0
4632918.0,31.5333333,-103.0219444,Ward,1971,295.0
4632917.0,31.5133333,-103.0055556,Ward,1971,290.0
4636303.0,31.472778,-103.516389,Reeves,1971,228.0
4632914.0,31.5227778,-103.0127778,Ward,1971,295.0
4632913.0,31.5277778,-103.0175,Ward,1971,295.0
4525709.0,31.517222,-102.999167,Ward,1971,300.0
4640312.0,31.491111,-103.0375,Ward,1972,250.0
4656308.0,31.2142722,-103.0281222,Pecos,1972,924.0
4620202.0,31.744167,-103.580555,Loving,1972,262.0
4651308.0,31.238056,-103.649722,Reeves,1972,1279.0
4659306.0,31.118333,-103.647778,Reeves,1972,645.0
4636302.0,31.484167,-103.521667,Reeves,1972,197.0
4659305.0,31.114723,-103.6275,Reeves,1972,653.0
4651908.0,31.146389,-103.632222,Reeves,1972,655.0
4640206.0,31.4801222,-103.0468778,Ward,1972,248.0
4652507.0,31.172222,-103.565001,Reeves,1973,540.0
4643804.0,31.254167,-103.675278,Reeves,1973,1230.0
4643310.0,31.353889,-103.640278,Reeves,1973,1100.0
4659913.0,31.005834,-103.649722,Reeves,1973,667.0
4643309.0,31.360834,-103.640278,Reeves,1973,1118.0
4614501.0,31.825555,-103.292778,Winkler,1973,311.0
4624712.0,31.642222,-103.084722,Ward,1973,415.0
4611501.0,31.8205556,-103.6922222,Loving,1973,250.0
4659912.0,31.02,-103.637222,Reeves,1974,634.0
4652709.0,31.155834,-103.59,Reeves,1974,1160.0
4527902.0,31.541667,-102.655556,Crane,1974,95.0
4652407.0,31.177222,-103.605278,Reeves,1974,710.0
4620204.0,31.742778,-103.578611,Loving,1974,291.0
4537205.0,31.491111,-102.457501,Crane,1974,125.0
4537206.0,31.488889,-102.457501,Crane,1974,126.0
4632621.0,31.562778,-103.020555,Ward,1974,535.0
4652206.0,31.243611,-103.563056,Reeves,1974,1117.0
4651306.0,31.2425,-103.649722,Reeves,1974,1250.0
4644707.0,31.251667,-103.625278,Reeves,1974,620.0
4615922.0,31.756389,-103.158889,Winkler,1975,350.0
4620410.0,31.687222,-103.611112,Loving,1975,135.0
4535206.0,31.462223,-102.670833,Crane,1976,165.0
4615919.0,31.756389,-103.159445,Winkler,1976,350.0
4535506.0,31.454723,-102.669167,Crane,1976,190.0
4535605.0,31.457778,-102.660001,Crane,1976,164.0
2750805.0,32.151389,-102.822778,Andrews,1976,123.0
4535313.0,31.459723,-102.665834,Crane,1976,168.0
4535607.0,31.451112,-102.662778,Crane,1976,160.0
4632921.0,31.5033333,-103.0005556,Ward,1977,310.0
4632102.0,31.623611,-103.085556,Ward,1977,415.0
4632905.0,31.5080556,-103.0030556,Ward,1977,316.0
4624714.0,31.643611,-103.092778,Ward,1977,420.0
4631608.0,31.543334,-103.126389,Ward,1977,245.0
4632904.0,31.5261111,-103.0238889,Ward,1977,310.0
4538401.0,31.440834,-102.363889,Crane,1977,365.0
4535606.0,31.453889,-102.660001,Crane,1977,168.0
2750807.0,32.151389,-102.822222,Andrews,1977,127.0
2750806.0,32.151389,-102.822222,Andrews,1977,128.0
4533109.0,31.4980528,-102.9982389,Ward,1977,300.0
4632212.0,31.618333,-103.056112,Ward,1978,505.0
4624819.0,31.633055,-103.061112,Ward,1978,465.0
4632211.0,31.605556,-103.051112,Ward,1978,620.0
4632215.0,31.592778,-103.077222,Ward,1978,450.0
4652505.0,31.170555,-103.573333,Reeves,1978,523.0
4632221.0,31.595,-103.046945,Ward,1978,602.0
4632222.0,31.587222,-103.061667,Ward,1978,360.0
4632214.0,31.603056,-103.081111,Ward,1978,445.0
4632216.0,31.599445,-103.066389,Ward,1979,555.0
4632217.0,31.62,-103.081111,Ward,1979,430.0
4624821.0,31.639167,-103.063889,Ward,1979,290.0
4624820.0,31.636111,-103.074444,Ward,1979,412.0
4628803.0,31.532222,-103.564445,Reeves,1979,140.0
4632213.0,31.613889,-103.068611,Ward,1979,625.0
4632220.0,31.612223,-103.079444,Ward,1979,363.0
4615333.0,31.835556,-103.130833,Winkler,1979,112.0
4624716.0,31.630555,-103.091111,Ward,1980,405.0
4659304.0,31.1030556,-103.6430556,Reeves,1980,758.0
4659303.0,31.085,-103.6294444,Reeves,1980,678.0
4640311.0,31.480278,-103.023611,Ward,1980,273.0
4659302.0,31.091945,-103.660278,Reeves,1980,772.0
4632919.0,31.5336111,-103.0216667,Ward,1980,324.0
4640313.0,31.485278,-103.041667,Ward,1980,269.0
4624715.0,31.6280556,-103.0858333,Ward,1980,399.0
4632916.0,31.5263889,-103.0033333,Ward,1980,262.0
4536405.0,31.450001,-102.605001,Crane,1981,140.0
4535312.0,31.470833,-102.664723,Crane,1981,120.0
4535310.0,31.471111,-102.6475,Crane,1981,60.0
4535309.0,31.464723,-102.628333,Crane,1981,160.0
4535308.0,31.463334,-102.654445,Crane,1981,137.0
4535307.0,31.474444,-102.630278,Crane,1981,160.0
4535306.0,31.471944,-102.636945,Crane,1981,80.0
4535305.0,31.464723,-102.637222,Crane,1981,80.0
4615918.0,31.7597222,-103.16,Winkler,1981,320.0
4535311.0,31.465278,-102.646389,Crane,1981,80.0
4536404.0,31.454445,-102.621667,Crane,1981,160.0
4536104.0,31.478055,-102.609445,Crane,1981,120.0
4535507.0,31.439722,-102.669167,Crane,1981,160.0
4536402.0,31.458056,-102.607501,Crane,1981,140.0
4535609.0,31.448611,-102.639722,Crane,1981,130.0
4536102.0,31.492222,-102.618333,Crane,1981,90.0
4535608.0,31.457223,-102.631667,Crane,1981,160.0
4535614.0,31.438056,-102.655834,Crane,1981,140.0
4535610.0,31.445556,-102.659445,Crane,1981,140.0
4535612.0,31.455834,-102.634167,Crane,1981,160.0
4536403.0,31.439722,-102.606112,Crane,1981,160.0
4536103.0,31.486111,-102.613612,Crane,1981,100.0
4536105.0,31.469444,-102.606389,Crane,1981,140.0
4535611.0,31.430555,-102.660278,Crane,1981,100.0
4535613.0,31.452778,-102.652501,Crane,1981,170.0
4624718.0,31.644167,-103.100556,Ward,1982,411.0
4535314.0,31.459445,-102.643056,Crane,1982,104.0
4535209.0,31.4775,-102.677778,Crane,1982,134.0
4624717.0,31.638889,-103.094445,Ward,1982,402.0
4535208.0,31.465001,-102.677222,Crane,1982,137.0
4535508.0,31.448889,-102.672222,Crane,1982,145.0
4535210.0,31.4719944,-102.6793833,Crane,1982,143.0
4632623.0,31.5430556,-103.0102778,Ward,1982,300.0
4632516.0,31.5419444,-103.0627778,Ward,1982,310.0
4525712.0,31.525278,-102.996389,Ward,1983,277.0
4632920.0,31.5383333,-103.0013889,Ward,1983,290.0
4624719.0,31.637222,-103.101945,Ward,1983,385.0
4632629.0,31.5441667,-103.0033333,Ward,1983,290.0
4636508.0,31.429444,-103.562778,Reeves,1983,220.0
4632628.0,31.5547222,-103.0075,Ward,1983,290.0
4636509.0,31.458056,-103.577778,Reeves,1983,248.0
4620411.0,31.673333,-103.599167,Loving,1983,21.0
4525711.0,31.506945,-102.995556,Ward,1983,300.0
4604702.0,31.881944,-103.612778,Loving,1984,230.0
4534804.0,31.393611,-102.799167,Ward,1984,100.0
4632625.0,31.5472222,-103.0172222,Ward,1984,300.0
4611902.0,31.791667,-103.626667,Loving,1985,400.0
4615921.0,31.756945,-103.149722,Winkler,1985,275.0
4535615.0,31.456667,-102.628055,Crane,1986,163.0
4535616.0,31.454445,-102.638611,Crane,1986,165.0
4535617.0,31.434445,-102.646389,Crane,1986,156.0
4632226.0,31.585278,-103.049445,Ward,1986,540.0
4536107.0,31.463334,-102.614445,Crane,1986,150.0
4535322.0,31.461667,-102.626389,Crane,1986,166.0
4615920.0,31.7601444,-103.1517972,Winkler,1986,284.0
4535321.0,31.461945,-102.628889,Crane,1986,180.0
4535509.0,31.427222,-102.685834,Crane,1986,160.0
4536116.0,31.475833,-102.614445,Crane,1986,151.0
4536117.0,31.471111,-102.617222,Crane,1986,141.0
4536113.0,31.493889,-102.606389,Crane,1986,130.0
4536409.0,31.457778,-102.6225,Crane,1986,183.0
4536114.0,31.466667,-102.620278,Crane,1986,150.0
4536115.0,31.470555,-102.620555,Crane,1986,152.0
4535318.0,31.469444,-102.627222,Crane,1986,165.0
4535510.0,31.431111,-102.675,Crane,1986,125.0
4535320.0,31.469444,-102.628055,Crane,1986,173.0
4535618.0,31.456389,-102.6325,Crane,1987,165.0
4536408.0,31.453889,-102.610834,Crane,1987,155.0
4536108.0,31.465278,-102.610001,Crane,1987,150.0
4635906.0,31.380555,-103.629167,Reeves,1987,910.0
4536111.0,31.468611,-102.612501,Crane,1987,150.0
4535316.0,31.462223,-102.631389,Crane,1987,172.0
4535319.0,31.475,-102.630278,Crane,1987,140.0
4535323.0,31.462223,-102.626667,Crane,1987,158.0
4536112.0,31.475,-102.614167,Crane,1987,150.0
4535317.0,31.466389,-102.628333,Crane,1987,157.0
4536110.0,31.470278,-102.621389,Crane,1987,152.0
4615925.0,31.752778,-103.161667,Winkler,1987,280.0
4536109.0,31.4669778,-102.6193056,Crane,1987,152.0
4620104.0,31.738889,-103.6225,Loving,1988,200.0
4526605.0,31.570833,-102.789167,Ward,1989,155.0
4526902.0,31.534722,-102.760278,Crane,1989,135.0
4526612.0,31.571944,-102.783889,Ward,1989,122.0
4526606.0,31.546667,-102.768611,Ward,1989,133.0
4526611.0,31.573889,-102.776667,Ward,1989,122.0
4526610.0,31.569444,-102.775555,Ward,1989,130.0
4526903.0,31.534722,-102.768889,Ward,1989,122.0
4526609.0,31.564723,-102.773889,Ward,1989,128.0
4526904.0,31.540834,-102.771667,Ward,1989,135.0
4526905.0,31.531667,-102.780555,Ward,1989,142.0
4526608.0,31.560001,-102.772778,Ward,1989,137.0
4526907.0,31.539445,-102.79,Ward,1989,135.0
4526607.0,31.554167,-102.770555,Ward,1989,134.0
4526906.0,31.534445,-102.788334,Ward,1989,125.0
2750104.0,32.2413889,-102.8702778,Andrews,1990,490.0
4552202.0,31.240834,-102.568055,Pecos,1990,210.0
4526510.0,31.5602778,-102.7966667,Ward,1991,135.0
4526509.0,31.556112,-102.795278,Ward,1991,135.0
4526508.0,31.550834,-102.793611,Ward,1991,135.0
4526613.0,31.545278,-102.791667,Ward,1991,135.0
4636809.0,31.409723,-103.543611,Reeves,1993,260.0
4636909.0,31.3925,-103.5408333,Reeves,1994,400.0
4551306.0,31.2447222,-102.6491667,Pecos,1995,157.0
4551701.0,31.133611,-102.736667,Pecos,1995,190.0
4533827.0,31.393611,-102.943334,Ward,1998,150.0
5203119.0,30.9930556,-103.7319444,Reeves,1998,52.0
4543806.0,31.2738889,-102.6777778,Pecos,1999,200.0
4543807.0,31.269252,-102.681887,Pecos,1999,200.0
4662201.0,31.1069444,-103.2977778,Reeves,1999,280.0
4543905.0,31.266667,-102.645278,Pecos,1999,162.0
4662302.0,31.0902778,-103.2794444,Reeves,1999,350.0
4640314.0,31.483638,-103.017626,Ward,2001,260.0
4615926.0,31.758334,-103.158334,Winkler,2001,385.0
4616806.0,31.755001,-103.067778,Winkler,2002,300.0
4632631.0,31.5552778,-103.0072222,Ward,2002,300.0
5203122.0,30.975833,-103.730555,Reeves,2002,702.0
4525714.0,31.5013889,-102.9880556,Ward,2003,320.0
4648401.0,31.2936111,-103.1025,Reeves,2004,325.0
4642511.0,31.314445,-103.794722,Reeves,2004,245.0
5203211.0,30.9932111,-103.6974,Reeves,2005,123.0
5203123.0,30.985,-103.749722,Reeves,2007,40.0
4648301.0,31.3505556,-103.0319444,Reeves,2009,140.0
4648808.0,31.26105,-103.0609361,Pecos,2011,500.0
4656509.0,31.1894194,-103.0656556,Pecos,2012,400.0
4543808.0,31.2738056,-102.6776111,Pecos,2015,212.0
4636606.0,31.4576083,-103.5108028,Reeves,2018,303.0
4620105.0,31.7111944,-103.5996944,Loving,2019,440.0
4656411.0,31.1870556,-103.10125,Pecos,2023,702.0
